{
  "shapes" : [
    {
      "class" : "dia-node",
      "attrs" : "{\n  \"lockAspectRatio\" : false,\n  \"shape\" : \"rect\",\n  \"position\" : \"{61, 250}\",\n  \"angle\" : 0,\n  \"size\" : \"{70, 20}\",\n  \"identifier\" : \"A6DB3AA0-9E0B-41EC-845C-0FBC377B403F\",\n  \"tag\" : 0,\n  \"connectable\" : true,\n  \"isLocked\" : false,\n  \"visible\" : true,\n  \"isTemplate\" : false,\n  \"themeStyle\" : \"variant_4\",\n  \"privateStyle\" : {\n    \"textAlignment\" : 2,\n    \"font\" : \"Helvetica,9.0\",\n    \"strokeDash\" : 0,\n    \"fillColor1\" : \"#FF9300FF\"\n  },\n  \"value\" : \"STUDENT_ID\",\n  \"isRelative\" : false\n}"
    },
    {
      "class" : "dia-node",
      "attrs" : "{\n  \"lockAspectRatio\" : false,\n  \"shape\" : \"rect\",\n  \"position\" : \"{131, 250}\",\n  \"angle\" : 0,\n  \"size\" : \"{89, 20}\",\n  \"identifier\" : \"A7310F1A-8F1A-4851-8020-135376E79869\",\n  \"tag\" : 0,\n  \"connectable\" : true,\n  \"isLocked\" : false,\n  \"visible\" : true,\n  \"isTemplate\" : false,\n  \"themeStyle\" : \"variant_4\",\n  \"privateStyle\" : {\n    \"font\" : \"Helvetica,9.0\",\n    \"textAlignment\" : 2,\n    \"fillColor1\" : \"#7A81FFFF\"\n  },\n  \"value\" : \"STUDENT_NAME\",\n  \"isRelative\" : false\n}"
    },
    {
      "class" : "dia-node",
      "attrs" : "{\n  \"lockAspectRatio\" : false,\n  \"shape\" : \"rect\",\n  \"position\" : \"{220, 250}\",\n  \"angle\" : 0,\n  \"size\" : \"{70, 20}\",\n  \"identifier\" : \"5DC7536A-6F24-472E-8E26-82A898D6B3A5\",\n  \"tag\" : 0,\n  \"connectable\" : true,\n  \"isLocked\" : false,\n  \"visible\" : true,\n  \"isTemplate\" : false,\n  \"themeStyle\" : \"variant_4\",\n  \"privateStyle\" : {\n    \"font\" : \"Helvetica,9.0\",\n    \"fillColor1\" : \"#FF9300FF\",\n    \"textAlignment\" : 2\n  },\n  \"value\" : \"COURSE_ID\",\n  \"isRelative\" : false\n}"
    },
    {
      "class" : "dia-node",
      "attrs" : "{\n  \"lockAspectRatio\" : false,\n  \"shape\" : \"rect\",\n  \"position\" : \"{290, 250}\",\n  \"angle\" : 0,\n  \"size\" : \"{95, 20}\",\n  \"identifier\" : \"91BEFD10-0DD9-44B6-816F-07EF27B0273D\",\n  \"tag\" : 0,\n  \"connectable\" : true,\n  \"isLocked\" : false,\n  \"visible\" : true,\n  \"isTemplate\" : false,\n  \"themeStyle\" : \"variant_4\",\n  \"privateStyle\" : {\n    \"textAlignment\" : 2,\n    \"font\" : \"Helvetica,9.0\",\n    \"fillColor1\" : \"#7A81FFFF\"\n  },\n  \"value\" : \"COURSE_NAME\",\n  \"isRelative\" : false\n}"
    },
    {
      "class" : "dia-node",
      "attrs" : "{\n  \"lockAspectRatio\" : false,\n  \"shape\" : \"rect\",\n  \"position\" : \"{385, 250}\",\n  \"angle\" : 0,\n  \"size\" : \"{55, 20}\",\n  \"identifier\" : \"89620E2B-CF71-443E-9975-E77D912E39A5\",\n  \"tag\" : 0,\n  \"connectable\" : true,\n  \"isLocked\" : false,\n  \"visible\" : true,\n  \"isTemplate\" : false,\n  \"themeStyle\" : \"variant_4\",\n  \"privateStyle\" : {\n    \"font\" : \"Helvetica,9.0\",\n    \"textAlignment\" : 2,\n    \"fillColor1\" : \"#7A81FFFF\"\n  },\n  \"value\" : \"GRADE\",\n  \"isRelative\" : false\n}"
    },
    {
      "class" : "dia-node",
      "attrs" : "{\n  \"lockAspectRatio\" : false,\n  \"shape\" : \"rect\",\n  \"position\" : \"{440, 250}\",\n  \"angle\" : 0,\n  \"size\" : \"{85, 20}\",\n  \"identifier\" : \"8D382E06-C886-45A9-A725-0CF275A0EDE9\",\n  \"tag\" : 0,\n  \"connectable\" : true,\n  \"isLocked\" : false,\n  \"visible\" : true,\n  \"isTemplate\" : false,\n  \"themeStyle\" : \"variant_4\",\n  \"privateStyle\" : {\n    \"font\" : \"Helvetica,9.0\",\n    \"fillColor1\" : \"#7A81FFFF\",\n    \"textAlignment\" : 2\n  },\n  \"value\" : \"INSTRUCTOR_ID\",\n  \"isRelative\" : false\n}"
    },
    {
      "class" : "dia-node",
      "attrs" : "{\n  \"lockAspectRatio\" : false,\n  \"shape\" : \"rect\",\n  \"position\" : \"{525, 250}\",\n  \"angle\" : 0,\n  \"size\" : \"{105, 20}\",\n  \"identifier\" : \"DDD6973E-B517-4CDF-8608-6234E3F81E9B\",\n  \"tag\" : 0,\n  \"connectable\" : true,\n  \"isLocked\" : false,\n  \"visible\" : true,\n  \"isTemplate\" : false,\n  \"themeStyle\" : \"variant_4\",\n  \"privateStyle\" : {\n    \"font\" : \"Helvetica,9.0\",\n    \"fillColor1\" : \"#7A81FFFF\",\n    \"textAlignment\" : 2\n  },\n  \"value\" : \"INSTRUCTOR_NAME\",\n  \"isRelative\" : false\n}"
    },
    {
      "class" : "dia-node",
      "attrs" : "{\n  \"lockAspectRatio\" : false,\n  \"shape\" : \"rect\",\n  \"position\" : \"{630, 250}\",\n  \"angle\" : 0,\n  \"size\" : \"{120, 20}\",\n  \"identifier\" : \"728D0D9E-1339-401C-B7BA-BFAB474890B2\",\n  \"tag\" : 0,\n  \"connectable\" : true,\n  \"isLocked\" : false,\n  \"visible\" : true,\n  \"isTemplate\" : false,\n  \"themeStyle\" : \"variant_4\",\n  \"privateStyle\" : {\n    \"textAlignment\" : 2,\n    \"fillColor1\" : \"#7A81FFFF\",\n    \"font\" : \"Helvetica,9.0\"\n  },\n  \"value\" : \"INSTRUCTOR_LOCATION\",\n  \"isRelative\" : false\n}"
    },
    {
      "class" : "connector",
      "attrs" : "{\n  \"isRelative\" : false,\n  \"points\" : [\n\n  ],\n  \"shape\" : \"connector\",\n  \"targetPoint\" : \"{690, 250}\",\n  \"value\" : {\n    \"labels\" : [\n\n    ]\n  },\n  \"identifier\" : \"8E6BCDE7-1868-4036-9035-75640FC316FD\",\n  \"tag\" : 0,\n  \"isLocked\" : false,\n  \"visible\" : true,\n  \"themeStyle\" : \"edge_11\",\n  \"isTemplate\" : false,\n  \"privateStyle\" : {\n    \"crossStyle\" : \"round\",\n    \"connectorMode\" : 2,\n    \"pathStyle\" : \"square\"\n  },\n  \"exitPoint\" : {\n    \"offset\" : \"{0, 0}\",\n    \"direction\" : 0,\n    \"location\" : \"{0, -0.5}\"\n  },\n  \"sourcePoint\" : \"{176.53514986833943, 199.6705071108828}\",\n  \"entryPoint\" : {\n    \"offset\" : \"{0, 0}\",\n    \"direction\" : 0,\n    \"location\" : \"{0, 0}\"\n  }\n}"
    },
    {
      "class" : "connector",
      "attrs" : "{\n  \"isRelative\" : false,\n  \"points\" : [\n\n  ],\n  \"shape\" : \"connector\",\n  \"targetPoint\" : \"{337.5, 250}\",\n  \"value\" : {\n    \"labels\" : [\n\n    ]\n  },\n  \"identifier\" : \"7298AFC9-83E8-4A37-867A-C61911CB2364\",\n  \"tag\" : 0,\n  \"isLocked\" : false,\n  \"visible\" : true,\n  \"themeStyle\" : \"edge_11\",\n  \"isTemplate\" : false,\n  \"privateStyle\" : {\n    \"connectorMode\" : 2,\n    \"crossStyle\" : \"round\"\n  },\n  \"exitPoint\" : {\n    \"offset\" : \"{0, 0}\",\n    \"direction\" : 0,\n    \"location\" : \"{0, -0.5}\"\n  },\n  \"sourcePoint\" : \"{336.74741493136264, 200.27566876350949}\",\n  \"entryPoint\" : {\n    \"offset\" : \"{0, 0}\",\n    \"direction\" : 0,\n    \"location\" : \"{0, 0}\"\n  }\n}"
    },
    {
      "class" : "connector",
      "attrs" : "{\n  \"isRelative\" : false,\n  \"points\" : [\n\n  ],\n  \"shape\" : \"connector\",\n  \"targetPoint\" : \"{577.5, 250}\",\n  \"value\" : {\n    \"labels\" : [\n\n    ]\n  },\n  \"identifier\" : \"D8BCA4CC-7F81-43F3-8CB3-CEEC14844D6E\",\n  \"tag\" : 0,\n  \"isLocked\" : false,\n  \"visible\" : true,\n  \"themeStyle\" : \"edge_11\",\n  \"isTemplate\" : false,\n  \"privateStyle\" : {\n    \"connectorMode\" : 2,\n    \"crossStyle\" : \"round\"\n  },\n  \"exitPoint\" : {\n    \"offset\" : \"{0, 0}\",\n    \"direction\" : 0,\n    \"location\" : \"{0, -0.5}\"\n  },\n  \"sourcePoint\" : \"{578.02286204137079, 199.17832708522872}\",\n  \"entryPoint\" : {\n    \"offset\" : \"{0, 0}\",\n    \"direction\" : 0,\n    \"location\" : \"{0, 0}\"\n  }\n}"
    },
    {
      "class" : "dia-node",
      "attrs" : "{\n  \"lockAspectRatio\" : false,\n  \"shape\" : \"text\",\n  \"position\" : \"{101, 280}\",\n  \"angle\" : 0,\n  \"size\" : \"{89, 36}\",\n  \"identifier\" : \"DCB5AE52-ABA4-44E6-BCAD-5E5FC01C32A7\",\n  \"tag\" : 0,\n  \"connectable\" : true,\n  \"isLocked\" : false,\n  \"visible\" : true,\n  \"isTemplate\" : false,\n  \"themeStyle\" : \"style_11\",\n  \"privateStyle\" : {\n    \"textColor\" : \"#000000FF\",\n    \"textAlignment\" : 0,\n    \"textVerticalAlignment\" : 1,\n    \"font\" : \"Helvetica,9.0\"\n  },\n  \"value\" : \"partial dependency\",\n  \"isRelative\" : false\n}"
    },
    {
      "class" : "dia-node",
      "attrs" : "{\n  \"lockAspectRatio\" : false,\n  \"shape\" : \"text\",\n  \"position\" : \"{310, 674}\",\n  \"angle\" : 0,\n  \"size\" : \"{120, 36}\",\n  \"identifier\" : \"46E786FB-C29A-4B6B-BADE-B027FDCDB2AA\",\n  \"tag\" : 0,\n  \"connectable\" : true,\n  \"isLocked\" : false,\n  \"visible\" : true,\n  \"isTemplate\" : false,\n  \"themeStyle\" : \"style_11\",\n  \"privateStyle\" : {\n    \"textColor\" : \"#008F00FF\",\n    \"textAlignment\" : 0,\n    \"textVerticalAlignment\" : 1,\n    \"font\" : \"Helvetica,9.0\"\n  },\n  \"value\" : \"transitive dependencies\",\n  \"isRelative\" : false\n}"
    },
    {
      "class" : "dia-node",
      "attrs" : "{\n  \"lockAspectRatio\" : false,\n  \"shape\" : \"text\",\n  \"position\" : \"{440, 314}\",\n  \"angle\" : 0,\n  \"size\" : \"{104.00000000000001, 30}\",\n  \"identifier\" : \"9F467ADE-D267-4E07-8500-FDB87527C26B\",\n  \"tag\" : 0,\n  \"connectable\" : true,\n  \"isLocked\" : false,\n  \"visible\" : true,\n  \"isTemplate\" : false,\n  \"themeStyle\" : \"style_11\",\n  \"privateStyle\" : {\n    \"textColor\" : \"#000000FF\",\n    \"textAlignment\" : 0,\n    \"textVerticalAlignment\" : 1,\n    \"font\" : \"Helvetica,9.0\"\n  },\n  \"value\" : \"partial dependencies\",\n  \"isRelative\" : false\n}"
    },
    {
      "class" : "dia-node",
      "attrs" : "{\n  \"lockAspectRatio\" : false,\n  \"shape\" : \"text\",\n  \"position\" : \"{91, 380}\",\n  \"angle\" : 0,\n  \"size\" : \"{578, 36}\",\n  \"identifier\" : \"6FEA476E-D19D-4542-A94D-9F9418CBC69B\",\n  \"tag\" : 0,\n  \"connectable\" : true,\n  \"isLocked\" : false,\n  \"visible\" : true,\n  \"isTemplate\" : false,\n  \"themeStyle\" : \"style_11\",\n  \"privateStyle\" : {\n    \"textColor\" : \"#000000FF\",\n    \"textAlignment\" : 0,\n    \"textVerticalAlignment\" : 1,\n    \"font\" : \"Helvetica,10.0\"\n  },\n  \"value\" : \"1NF (STUDENT_ID, STUDENT_NAME, COURSE_ID, COURSE_NAME, GRADE, INSTRUCTOR_ID, INSTRUCTOR_NAME, INSTRUCTOR_LOCATION)\",\n  \"isRelative\" : false\n}"
    },
    {
      "class" : "dia-node",
      "attrs" : "{\n  \"lockAspectRatio\" : false,\n  \"shape\" : \"text\",\n  \"position\" : \"{91, 408}\",\n  \"angle\" : 0,\n  \"size\" : \"{578, 36}\",\n  \"identifier\" : \"9731F120-131D-4DB4-B13A-78115BA874FB\",\n  \"tag\" : 0,\n  \"connectable\" : true,\n  \"isLocked\" : false,\n  \"visible\" : true,\n  \"isTemplate\" : false,\n  \"themeStyle\" : \"style_11\",\n  \"privateStyle\" : {\n    \"textColor\" : \"#000000FF\",\n    \"textAlignment\" : 0,\n    \"textVerticalAlignment\" : 1,\n    \"font\" : \"Helvetica,10.0\"\n  },\n  \"value\" : \"Partial dependencies: \",\n  \"isRelative\" : false\n}"
    },
    {
      "class" : "dia-node",
      "attrs" : "{\n  \"lockAspectRatio\" : false,\n  \"shape\" : \"text\",\n  \"position\" : \"{91, 432}\",\n  \"angle\" : 0,\n  \"size\" : \"{578, 36}\",\n  \"identifier\" : \"0F9DDF3B-F3EF-4F3A-8681-1A7114CBA339\",\n  \"tag\" : 0,\n  \"connectable\" : true,\n  \"isLocked\" : false,\n  \"visible\" : true,\n  \"isTemplate\" : false,\n  \"themeStyle\" : \"style_11\",\n  \"privateStyle\" : {\n    \"textColor\" : \"#000000FF\",\n    \"textAlignment\" : 0,\n    \"textVerticalAlignment\" : 1,\n    \"font\" : \"Helvetica,10.0\"\n  },\n  \"value\" : \"(STUDENT_ID —> STUDENT_NAME)\",\n  \"isRelative\" : false\n}"
    },
    {
      "class" : "dia-node",
      "attrs" : "{\n  \"lockAspectRatio\" : false,\n  \"shape\" : \"text\",\n  \"position\" : \"{91, 512}\",\n  \"angle\" : 0,\n  \"size\" : \"{578, 36}\",\n  \"identifier\" : \"621C10EE-5049-4F68-9314-35BB0A304E1A\",\n  \"tag\" : 0,\n  \"connectable\" : true,\n  \"isLocked\" : false,\n  \"visible\" : true,\n  \"isTemplate\" : false,\n  \"themeStyle\" : \"style_11\",\n  \"privateStyle\" : {\n    \"textColor\" : \"#000000FF\",\n    \"textAlignment\" : 0,\n    \"textVerticalAlignment\" : 1,\n    \"font\" : \"Helvetica,10.0\"\n  },\n  \"value\" : \"(INSTRUCTOR_ID —>  INSTRUCTOR_NAME, INSTRUCTOR_LOCATION)\",\n  \"isRelative\" : false\n}"
    },
    {
      "class" : "dia-node",
      "attrs" : "{\n  \"lockAspectRatio\" : false,\n  \"shape\" : \"text\",\n  \"position\" : \"{91, 488}\",\n  \"angle\" : 0,\n  \"size\" : \"{578, 36}\",\n  \"identifier\" : \"36C0F40C-CF29-47D0-BE7E-63B30CA9E66A\",\n  \"tag\" : 0,\n  \"connectable\" : true,\n  \"isLocked\" : false,\n  \"visible\" : true,\n  \"isTemplate\" : false,\n  \"themeStyle\" : \"style_11\",\n  \"privateStyle\" : {\n    \"textColor\" : \"#000000FF\",\n    \"textAlignment\" : 0,\n    \"textVerticalAlignment\" : 1,\n    \"font\" : \"Helvetica,10.0\"\n  },\n  \"value\" : \"Transitive dependencies:\",\n  \"isRelative\" : false\n}"
    },
    {
      "class" : "dia-node",
      "attrs" : "{\n  \"lockAspectRatio\" : false,\n  \"shape\" : \"text\",\n  \"position\" : \"{91, 462}\",\n  \"angle\" : 0,\n  \"size\" : \"{578, 36}\",\n  \"identifier\" : \"FF2DD253-D044-4D2F-AC77-BCF105480EF8\",\n  \"tag\" : 0,\n  \"connectable\" : true,\n  \"isLocked\" : false,\n  \"visible\" : true,\n  \"isTemplate\" : false,\n  \"themeStyle\" : \"style_11\",\n  \"privateStyle\" : {\n    \"textColor\" : \"#000000FF\",\n    \"textAlignment\" : 0,\n    \"textVerticalAlignment\" : 1,\n    \"font\" : \"Helvetica,10.0\"\n  },\n  \"value\" : \"(COURSE_ID —>  COURSE_NAME, INSTRUCTOR_ID, INSTRUCTOR_NAME, INSTRUCTOR_LOCATION)\",\n  \"isRelative\" : false\n}"
    },
    {
      "class" : "dia-node",
      "attrs" : "{\n  \"lockAspectRatio\" : false,\n  \"shape\" : \"text\",\n  \"position\" : \"{71, 548}\",\n  \"angle\" : 0,\n  \"size\" : \"{578, 36}\",\n  \"identifier\" : \"0965882E-2CFD-4CCE-89F5-3316FE0FD228\",\n  \"tag\" : 0,\n  \"connectable\" : true,\n  \"isLocked\" : false,\n  \"visible\" : true,\n  \"isTemplate\" : false,\n  \"themeStyle\" : \"style_11\",\n  \"privateStyle\" : {\n    \"textVerticalAlignment\" : 1,\n    \"textAlignment\" : 0,\n    \"textColor\" : \"#000000FF\"\n  },\n  \"value\" : \"\",\n  \"isRelative\" : false\n}"
    },
    {
      "class" : "dia-node",
      "attrs" : "{\n  \"lockAspectRatio\" : false,\n  \"shape\" : \"rect\",\n  \"position\" : \"{215, 650.26859004199059}\",\n  \"angle\" : 0,\n  \"size\" : \"{85, 20}\",\n  \"identifier\" : \"C43607D6-78E8-490D-8D86-4C68D28B2195\",\n  \"tag\" : 0,\n  \"connectable\" : true,\n  \"isLocked\" : false,\n  \"visible\" : true,\n  \"isTemplate\" : false,\n  \"themeStyle\" : \"variant_4\",\n  \"privateStyle\" : {\n    \"font\" : \"Helvetica,9.0\",\n    \"textAlignment\" : 2\n  },\n  \"value\" : \"INSTRUCTOR_ID\",\n  \"isRelative\" : false\n}"
    },
    {
      "class" : "dia-node",
      "attrs" : "{\n  \"lockAspectRatio\" : false,\n  \"shape\" : \"rect\",\n  \"position\" : \"{300, 650.26859004199059}\",\n  \"angle\" : 0,\n  \"size\" : \"{100, 20}\",\n  \"identifier\" : \"F0F68FE4-7444-4FAF-940F-A5F322C676A0\",\n  \"tag\" : 0,\n  \"connectable\" : true,\n  \"isLocked\" : false,\n  \"visible\" : true,\n  \"isTemplate\" : false,\n  \"themeStyle\" : \"variant_4\",\n  \"privateStyle\" : {\n    \"font\" : \"Helvetica,9.0\",\n    \"textAlignment\" : 2\n  },\n  \"value\" : \"INSTRUCTOR_NAME\",\n  \"isRelative\" : false\n}"
    },
    {
      "class" : "dia-node",
      "attrs" : "{\n  \"lockAspectRatio\" : false,\n  \"shape\" : \"rect\",\n  \"position\" : \"{131, 650.26859004199059}\",\n  \"angle\" : 0,\n  \"size\" : \"{84, 20}\",\n  \"identifier\" : \"820AF064-98C3-4EED-8E14-4D3C94DA6C4D\",\n  \"tag\" : 0,\n  \"connectable\" : true,\n  \"isLocked\" : false,\n  \"visible\" : true,\n  \"isTemplate\" : false,\n  \"themeStyle\" : \"variant_4\",\n  \"privateStyle\" : {\n    \"font\" : \"Helvetica,9.0\",\n    \"textAlignment\" : 2\n  },\n  \"value\" : \"COURSE_NAME\",\n  \"isRelative\" : false\n}"
    },
    {
      "class" : "dia-node",
      "attrs" : "{\n  \"lockAspectRatio\" : false,\n  \"shape\" : \"rect\",\n  \"position\" : \"{400, 650.26859004199059}\",\n  \"angle\" : 0,\n  \"size\" : \"{120, 20}\",\n  \"identifier\" : \"0A7151E8-3C2A-40C3-AC69-825B29954F57\",\n  \"tag\" : 0,\n  \"connectable\" : true,\n  \"isLocked\" : false,\n  \"visible\" : true,\n  \"isTemplate\" : false,\n  \"themeStyle\" : \"variant_4\",\n  \"privateStyle\" : {\n    \"textAlignment\" : 2,\n    \"font\" : \"Helvetica,9.0\"\n  },\n  \"value\" : \"INSTRUCTOR_LOCATION\",\n  \"isRelative\" : false\n}"
    },
    {
      "class" : "dia-node",
      "attrs" : "{\n  \"lockAspectRatio\" : false,\n  \"shape\" : \"rect\",\n  \"position\" : \"{61, 650.26859004199059}\",\n  \"angle\" : 0,\n  \"size\" : \"{70, 20}\",\n  \"identifier\" : \"EB08019A-A5E6-4F6F-A9E1-8F1875740B7C\",\n  \"tag\" : 0,\n  \"connectable\" : true,\n  \"isLocked\" : false,\n  \"visible\" : true,\n  \"isTemplate\" : false,\n  \"themeStyle\" : \"variant_4\",\n  \"privateStyle\" : {\n    \"textAlignment\" : 2,\n    \"fillColor1\" : \"#FF9300FF\",\n    \"font\" : \"Helvetica,9.0\"\n  },\n  \"value\" : \"COURSE_ID\",\n  \"isRelative\" : false\n}"
    },
    {
      "class" : "dia-node",
      "attrs" : "{\n  \"lockAspectRatio\" : false,\n  \"shape\" : \"rect\",\n  \"position\" : \"{215, 847.37223754192746}\",\n  \"angle\" : 0,\n  \"size\" : \"{80, 20}\",\n  \"identifier\" : \"ADD4AE77-F1F4-4BC0-82CE-56FB26FDF002\",\n  \"tag\" : 0,\n  \"connectable\" : true,\n  \"isLocked\" : false,\n  \"visible\" : true,\n  \"isTemplate\" : false,\n  \"themeStyle\" : \"variant_4\",\n  \"privateStyle\" : {\n    \"font\" : \"Helvetica,9.0\",\n    \"textAlignment\" : 2\n  },\n  \"value\" : \"GRADE\",\n  \"isRelative\" : false\n}"
    },
    {
      "class" : "dia-node",
      "attrs" : "{\n  \"lockAspectRatio\" : false,\n  \"shape\" : \"rect\",\n  \"position\" : \"{75, 847.37223754192746}\",\n  \"angle\" : 0,\n  \"size\" : \"{70, 20}\",\n  \"identifier\" : \"C7A13670-2652-47DE-BE9A-26A7E4289BE9\",\n  \"tag\" : 0,\n  \"connectable\" : true,\n  \"isLocked\" : false,\n  \"visible\" : true,\n  \"isTemplate\" : false,\n  \"themeStyle\" : \"variant_4\",\n  \"privateStyle\" : {\n    \"textAlignment\" : 2,\n    \"fillColor1\" : \"#FF9300FF\",\n    \"strokeDash\" : 0,\n    \"font\" : \"Helvetica,9.0\"\n  },\n  \"value\" : \"STUDENT_ID\",\n  \"isRelative\" : false\n}"
    },
    {
      "class" : "connector",
      "attrs" : "{\n  \"isRelative\" : false,\n  \"points\" : [\n\n  ],\n  \"shape\" : \"connector\",\n  \"targetPoint\" : \"{147.08094881498846, 823.56449630788256}\",\n  \"value\" : {\n    \"labels\" : [\n\n    ]\n  },\n  \"identifier\" : \"F28176DA-FAE2-4D75-81C9-257DB56B9AE4\",\n  \"tag\" : 0,\n  \"isLocked\" : false,\n  \"visible\" : true,\n  \"themeStyle\" : \"edge_11\",\n  \"isTemplate\" : false,\n  \"privateStyle\" : {\n    \"crossStyle\" : \"round\",\n    \"connectorMode\" : 1,\n    \"pathStyle\" : \"square\"\n  },\n  \"exitPoint\" : {\n    \"offset\" : \"{0, 0}\",\n    \"direction\" : 0,\n    \"location\" : \"{0, 0}\"\n  },\n  \"sourcePoint\" : \"{180, 847.37223754192746}\",\n  \"entryPoint\" : {\n    \"offset\" : \"{0, 0}\",\n    \"direction\" : 0,\n    \"location\" : \"{0, -0.5}\"\n  }\n}"
    },
    {
      "class" : "connector",
      "attrs" : "{\n  \"isRelative\" : false,\n  \"points\" : [\n\n  ],\n  \"shape\" : \"connector\",\n  \"targetPoint\" : \"{147.171875, 823.68083129192746}\",\n  \"value\" : {\n    \"labels\" : [\n\n    ]\n  },\n  \"identifier\" : \"BA3AEE5A-AB47-4899-99AF-9B40D8373904\",\n  \"tag\" : 0,\n  \"isLocked\" : false,\n  \"visible\" : true,\n  \"themeStyle\" : \"edge_11\",\n  \"isTemplate\" : false,\n  \"privateStyle\" : {\n    \"strokeDash\" : 0,\n    \"crossStyle\" : \"round\",\n    \"pathStyle\" : \"square\",\n    \"connectorMode\" : 1\n  },\n  \"exitPoint\" : {\n    \"offset\" : \"{0, 0}\",\n    \"direction\" : 0,\n    \"location\" : \"{0, 0}\"\n  },\n  \"sourcePoint\" : \"{110, 847.37223754192746}\",\n  \"entryPoint\" : {\n    \"offset\" : \"{0, 0}\",\n    \"direction\" : 0,\n    \"location\" : \"{0, -0.5}\"\n  }\n}"
    },
    {
      "class" : "dia-node",
      "attrs" : "{\n  \"lockAspectRatio\" : false,\n  \"shape\" : \"rect\",\n  \"position\" : \"{145, 847.37223754192746}\",\n  \"angle\" : 0,\n  \"size\" : \"{70, 20}\",\n  \"identifier\" : \"54382E97-9472-477C-88E9-5D49617052C6\",\n  \"tag\" : 0,\n  \"connectable\" : true,\n  \"isLocked\" : false,\n  \"visible\" : true,\n  \"isTemplate\" : false,\n  \"themeStyle\" : \"variant_4\",\n  \"privateStyle\" : {\n    \"textAlignment\" : 2,\n    \"fillColor1\" : \"#FF9300FF\",\n    \"font\" : \"Helvetica,9.0\"\n  },\n  \"value\" : \"COURSE_ID\",\n  \"isRelative\" : false\n}"
    },
    {
      "class" : "connector",
      "attrs" : "{\n  \"isRelative\" : false,\n  \"points\" : [\n\n  ],\n  \"shape\" : \"connector\",\n  \"targetPoint\" : \"{144.95054690002132, 797.34130428251115}\",\n  \"value\" : {\n    \"labels\" : [\n\n    ]\n  },\n  \"identifier\" : \"DB521105-3427-4296-AA68-0149297D8E81\",\n  \"tag\" : 0,\n  \"isLocked\" : false,\n  \"visible\" : true,\n  \"themeStyle\" : \"edge_11\",\n  \"isTemplate\" : false,\n  \"privateStyle\" : {\n    \"connectorMode\" : 1,\n    \"crossStyle\" : \"round\"\n  },\n  \"exitPoint\" : {\n    \"offset\" : \"{0, 0}\",\n    \"direction\" : 0,\n    \"location\" : \"{0, 0}\"\n  },\n  \"sourcePoint\" : \"{145.27842523894321, 823.1116615114654}\",\n  \"entryPoint\" : {\n    \"offset\" : \"{0, 0}\",\n    \"direction\" : 0,\n    \"location\" : \"{0, 0}\"\n  }\n}"
    },
    {
      "class" : "connector",
      "attrs" : "{\n  \"isRelative\" : false,\n  \"points\" : [\n\n  ],\n  \"shape\" : \"connector\",\n  \"targetPoint\" : \"{250, 847.37223754192746}\",\n  \"value\" : {\n    \"labels\" : [\n\n    ]\n  },\n  \"identifier\" : \"31F52FE2-7439-4407-A353-F09A3CC69785\",\n  \"tag\" : 0,\n  \"isLocked\" : false,\n  \"visible\" : true,\n  \"themeStyle\" : \"edge_11\",\n  \"isTemplate\" : false,\n  \"privateStyle\" : {\n    \"connectorMode\" : 2,\n    \"crossStyle\" : \"round\"\n  },\n  \"exitPoint\" : {\n    \"offset\" : \"{0, 0}\",\n    \"direction\" : 0,\n    \"location\" : \"{0, 0}\"\n  },\n  \"sourcePoint\" : \"{249.54153649033151, 797.53935160132301}\",\n  \"entryPoint\" : {\n    \"offset\" : \"{0, 0}\",\n    \"direction\" : 0,\n    \"location\" : \"{0, 0}\"\n  }\n}"
    },
    {
      "class" : "connector",
      "attrs" : "{\n  \"isRelative\" : false,\n  \"points\" : [\n\n  ],\n  \"shape\" : \"connector\",\n  \"targetPoint\" : \"{250.1191266697258, 796.52570904301092}\",\n  \"value\" : {\n    \"labels\" : [\n\n    ]\n  },\n  \"identifier\" : \"383A7CD6-1F72-4F10-BF12-EA2ECF67620E\",\n  \"tag\" : 0,\n  \"isLocked\" : false,\n  \"visible\" : true,\n  \"themeStyle\" : \"edge_11\",\n  \"isTemplate\" : false,\n  \"privateStyle\" : {\n    \"connectorMode\" : 1,\n    \"crossStyle\" : \"round\"\n  },\n  \"exitPoint\" : {\n    \"offset\" : \"{0, 0}\",\n    \"direction\" : 0,\n    \"location\" : \"{0, 0}\"\n  },\n  \"sourcePoint\" : \"{144.77796885818952, 796.91287490555817}\",\n  \"entryPoint\" : {\n    \"offset\" : \"{0, 0}\",\n    \"direction\" : 0,\n    \"location\" : \"{0, 0}\"\n  }\n}"
    },
    {
      "class" : "dia-node",
      "attrs" : "{\n  \"lockAspectRatio\" : false,\n  \"shape\" : \"rect\",\n  \"position\" : \"{75, 947.37223754192746}\",\n  \"angle\" : 0,\n  \"size\" : \"{70, 20}\",\n  \"identifier\" : \"ED28BD38-9A2B-4A37-8F79-608A2D3D87D9\",\n  \"tag\" : 0,\n  \"connectable\" : true,\n  \"isLocked\" : false,\n  \"visible\" : true,\n  \"isTemplate\" : false,\n  \"themeStyle\" : \"variant_4\",\n  \"privateStyle\" : {\n    \"textAlignment\" : 2,\n    \"font\" : \"Helvetica,9.0\",\n    \"strokeDash\" : 0,\n    \"fillColor1\" : \"#FF9300FF\"\n  },\n  \"value\" : \"STUDENT_ID\",\n  \"isRelative\" : false\n}"
    },
    {
      "class" : "dia-node",
      "attrs" : "{\n  \"lockAspectRatio\" : false,\n  \"shape\" : \"rect\",\n  \"position\" : \"{145, 947.37223754192746}\",\n  \"angle\" : 0,\n  \"size\" : \"{85, 20}\",\n  \"identifier\" : \"60740035-2509-4F64-A61E-466BF8C10DCC\",\n  \"tag\" : 0,\n  \"connectable\" : true,\n  \"isLocked\" : false,\n  \"visible\" : true,\n  \"isTemplate\" : false,\n  \"themeStyle\" : \"variant_4\",\n  \"privateStyle\" : {\n    \"textAlignment\" : 2,\n    \"font\" : \"Helvetica,9.0\"\n  },\n  \"value\" : \"STUDENT_NAME\",\n  \"isRelative\" : false\n}"
    },
    {
      "class" : "connector",
      "attrs" : "{\n  \"isRelative\" : false,\n  \"points\" : [\n    {\n      \"point\" : \"{110, 940.74245545242718}\",\n      \"axis\" : 2\n    },\n    {\n      \"point\" : \"{148.75, 934.1126733629269}\",\n      \"axis\" : 1\n    },\n    {\n      \"point\" : \"{187.5, 940.74245545242718}\",\n      \"axis\" : 2\n    }\n  ],\n  \"shape\" : \"connector\",\n  \"targetPoint\" : \"{187.5, 947.37223754192746}\",\n  \"value\" : {\n    \"labels\" : [\n\n    ]\n  },\n  \"identifier\" : \"4F8028FB-9924-4D5E-98BC-A076780A97B9\",\n  \"tag\" : 0,\n  \"isLocked\" : false,\n  \"visible\" : true,\n  \"themeStyle\" : \"edge_11\",\n  \"isTemplate\" : false,\n  \"privateStyle\" : {\n    \"crossStyle\" : \"round\",\n    \"connectorMode\" : 2,\n    \"pathStyle\" : \"square\"\n  },\n  \"exitPoint\" : {\n    \"offset\" : \"{0, 0}\",\n    \"direction\" : 0,\n    \"location\" : \"{0, -0.5}\"\n  },\n  \"sourcePoint\" : \"{110, 947.37223754192746}\",\n  \"entryPoint\" : {\n    \"offset\" : \"{0, 0}\",\n    \"direction\" : 0,\n    \"location\" : \"{0, -0.5}\"\n  }\n}"
    },
    {
      "class" : "dia-node",
      "attrs" : "{\n  \"lockAspectRatio\" : false,\n  \"shape\" : \"text\",\n  \"position\" : \"{61, 560}\",\n  \"angle\" : 0,\n  \"size\" : \"{578, 36}\",\n  \"identifier\" : \"5A325761-AE78-4141-852C-63E66D6B3559\",\n  \"tag\" : 0,\n  \"connectable\" : true,\n  \"isLocked\" : false,\n  \"visible\" : true,\n  \"isTemplate\" : false,\n  \"themeStyle\" : \"style_11\",\n  \"privateStyle\" : {\n    \"textColor\" : \"#000000FF\",\n    \"textAlignment\" : 0,\n    \"textVerticalAlignment\" : 1,\n    \"font\" : \"Helvetica,10.0\"\n  },\n  \"value\" : \"Table name: COURSE\",\n  \"isRelative\" : false\n}"
    },
    {
      "class" : "dia-node",
      "attrs" : "{\n  \"lockAspectRatio\" : false,\n  \"shape\" : \"text\",\n  \"position\" : \"{61, 764}\",\n  \"angle\" : 0,\n  \"size\" : \"{578, 36}\",\n  \"identifier\" : \"250AA2CA-97AD-4A21-BBBA-7CC1AF6895DC\",\n  \"tag\" : 0,\n  \"connectable\" : true,\n  \"isLocked\" : false,\n  \"visible\" : true,\n  \"isTemplate\" : false,\n  \"themeStyle\" : \"style_11\",\n  \"privateStyle\" : {\n    \"textColor\" : \"#000000FF\",\n    \"textAlignment\" : 0,\n    \"textVerticalAlignment\" : 1,\n    \"font\" : \"Helvetica,10.0\"\n  },\n  \"value\" : \"Table name: STUDENT_RECORDS\",\n  \"isRelative\" : false\n}"
    },
    {
      "class" : "dia-node",
      "attrs" : "{\n  \"lockAspectRatio\" : false,\n  \"shape\" : \"text\",\n  \"position\" : \"{61, 901.37223754192746}\",\n  \"angle\" : 0,\n  \"size\" : \"{578, 36}\",\n  \"identifier\" : \"E12724A2-718A-4559-B1F3-9CBBB2283B3D\",\n  \"tag\" : 0,\n  \"connectable\" : true,\n  \"isLocked\" : false,\n  \"visible\" : true,\n  \"isTemplate\" : false,\n  \"themeStyle\" : \"style_11\",\n  \"privateStyle\" : {\n    \"textColor\" : \"#000000FF\",\n    \"textAlignment\" : 0,\n    \"textVerticalAlignment\" : 1,\n    \"font\" : \"Helvetica,10.0\"\n  },\n  \"value\" : \"Table name: STUDENT\",\n  \"isRelative\" : false\n}"
    },
    {
      "class" : "dia-node",
      "attrs" : "{\n  \"lockAspectRatio\" : false,\n  \"shape\" : \"text\",\n  \"position\" : \"{61, 704}\",\n  \"angle\" : 0,\n  \"size\" : \"{578, 34}\",\n  \"identifier\" : \"3754E912-C9E9-48C8-83C4-AF1EB5D76A2B\",\n  \"tag\" : 0,\n  \"connectable\" : true,\n  \"isLocked\" : false,\n  \"visible\" : true,\n  \"isTemplate\" : false,\n  \"themeStyle\" : \"style_11\",\n  \"privateStyle\" : {\n    \"textColor\" : \"#000000FF\",\n    \"textAlignment\" : 0,\n    \"textVerticalAlignment\" : 1,\n    \"font\" : \"Helvetica,10.0\"\n  },\n  \"value\" : \"2NF (COURSE_ID, COURSE_NAME, INSTRUCTOR_ID, INSTRUCTOR_NAME, INSTRUCTOR_LOCATION)\",\n  \"isRelative\" : false\n}"
    },
    {
      "class" : "dia-node",
      "attrs" : "{\n  \"lockAspectRatio\" : false,\n  \"shape\" : \"text\",\n  \"position\" : \"{61, 720}\",\n  \"angle\" : 0,\n  \"size\" : \"{578, 36}\",\n  \"identifier\" : \"B0C8160E-5A52-4F18-9545-E7742A479C8A\",\n  \"tag\" : 0,\n  \"connectable\" : true,\n  \"isLocked\" : false,\n  \"visible\" : true,\n  \"isTemplate\" : false,\n  \"themeStyle\" : \"style_11\",\n  \"privateStyle\" : {\n    \"textColor\" : \"#000000FF\",\n    \"textAlignment\" : 0,\n    \"textVerticalAlignment\" : 1,\n    \"font\" : \"Helvetica,10.0\"\n  },\n  \"value\" : \"Transitive dependencies:\",\n  \"isRelative\" : false\n}"
    },
    {
      "class" : "dia-node",
      "attrs" : "{\n  \"lockAspectRatio\" : false,\n  \"shape\" : \"text\",\n  \"position\" : \"{61, 738}\",\n  \"angle\" : 0,\n  \"size\" : \"{578, 36}\",\n  \"identifier\" : \"EEFF7ECA-7BB4-469C-A19E-AF4A7E61E317\",\n  \"tag\" : 0,\n  \"connectable\" : true,\n  \"isLocked\" : false,\n  \"visible\" : true,\n  \"isTemplate\" : false,\n  \"themeStyle\" : \"style_11\",\n  \"privateStyle\" : {\n    \"textColor\" : \"#000000FF\",\n    \"textAlignment\" : 0,\n    \"textVerticalAlignment\" : 1,\n    \"font\" : \"Helvetica,10.0\"\n  },\n  \"value\" : \"(INSTRUCTOR_ID —>  INSTRUCTOR_NAME, INSTRUCTOR_LOCATION)\",\n  \"isRelative\" : false\n}"
    },
    {
      "class" : "dia-node",
      "attrs" : "{\n  \"lockAspectRatio\" : false,\n  \"shape\" : \"text\",\n  \"position\" : \"{61, 867.37223754192746}\",\n  \"angle\" : 0,\n  \"size\" : \"{578, 34}\",\n  \"identifier\" : \"029EED85-88F6-4F00-872A-7F56A1E95523\",\n  \"tag\" : 0,\n  \"connectable\" : true,\n  \"isLocked\" : false,\n  \"visible\" : true,\n  \"isTemplate\" : false,\n  \"themeStyle\" : \"style_11\",\n  \"privateStyle\" : {\n    \"textColor\" : \"#000000FF\",\n    \"textAlignment\" : 0,\n    \"textVerticalAlignment\" : 1,\n    \"font\" : \"Helvetica,10.0\"\n  },\n  \"value\" : \"2NF (STUDENT_ID, COURSE_ID, GRADE)\",\n  \"isRelative\" : false\n}"
    },
    {
      "class" : "dia-node",
      "attrs" : "{\n  \"lockAspectRatio\" : false,\n  \"shape\" : \"text\",\n  \"position\" : \"{61, 973}\",\n  \"angle\" : 0,\n  \"size\" : \"{578, 34}\",\n  \"identifier\" : \"5E58D0D0-0B62-4F9E-B04D-6F6AB07C052C\",\n  \"tag\" : 0,\n  \"connectable\" : true,\n  \"isLocked\" : false,\n  \"visible\" : true,\n  \"isTemplate\" : false,\n  \"themeStyle\" : \"style_11\",\n  \"privateStyle\" : {\n    \"textColor\" : \"#000000FF\",\n    \"textAlignment\" : 0,\n    \"textVerticalAlignment\" : 1,\n    \"font\" : \"Helvetica,10.0\"\n  },\n  \"value\" : \"2NF (STUDENT_ID, STUDENT_NAME)\",\n  \"isRelative\" : false\n}"
    },
    {
      "class" : "dia-node",
      "attrs" : "{\n  \"lockAspectRatio\" : false,\n  \"shape\" : \"text\",\n  \"position\" : \"{82, 1136}\",\n  \"angle\" : 0,\n  \"size\" : \"{578, 34}\",\n  \"identifier\" : \"C786D1C1-D763-4526-BE5A-2454DB63D45B\",\n  \"tag\" : 0,\n  \"connectable\" : true,\n  \"isLocked\" : false,\n  \"visible\" : true,\n  \"isTemplate\" : false,\n  \"themeStyle\" : \"style_11\",\n  \"privateStyle\" : {\n    \"textColor\" : \"#000000FF\",\n    \"textAlignment\" : 0,\n    \"textVerticalAlignment\" : 1,\n    \"font\" : \"Helvetica,10.0\"\n  },\n  \"value\" : \"3NF (COURSE_ID, COURSE_NAME, INSTRUCTOR_ID)\",\n  \"isRelative\" : false\n}"
    },
    {
      "class" : "dia-node",
      "attrs" : "{\n  \"lockAspectRatio\" : false,\n  \"shape\" : \"text\",\n  \"position\" : \"{96, 1287}\",\n  \"angle\" : 0,\n  \"size\" : \"{578, 36}\",\n  \"identifier\" : \"DFFD612E-8C5F-4353-BA5A-BA225B0EAEDC\",\n  \"tag\" : 0,\n  \"connectable\" : true,\n  \"isLocked\" : false,\n  \"visible\" : true,\n  \"isTemplate\" : false,\n  \"themeStyle\" : \"style_11\",\n  \"privateStyle\" : {\n    \"textColor\" : \"#000000FF\",\n    \"textAlignment\" : 0,\n    \"textVerticalAlignment\" : 1,\n    \"font\" : \"Helvetica,10.0\"\n  },\n  \"value\" : \"Table name: STUDENT_RECORDS\",\n  \"isRelative\" : false\n}"
    },
    {
      "class" : "dia-node",
      "attrs" : "{\n  \"lockAspectRatio\" : false,\n  \"shape\" : \"text\",\n  \"position\" : \"{96, 1414}\",\n  \"angle\" : 0,\n  \"size\" : \"{578, 36}\",\n  \"identifier\" : \"E0359F69-D81A-4074-9D8C-4CE214AFF083\",\n  \"tag\" : 0,\n  \"connectable\" : true,\n  \"isLocked\" : false,\n  \"visible\" : true,\n  \"isTemplate\" : false,\n  \"themeStyle\" : \"style_11\",\n  \"privateStyle\" : {\n    \"textColor\" : \"#000000FF\",\n    \"textAlignment\" : 0,\n    \"textVerticalAlignment\" : 1,\n    \"font\" : \"Helvetica,10.0\"\n  },\n  \"value\" : \"Table name: STUDENT\",\n  \"isRelative\" : false\n}"
    },
    {
      "class" : "dia-node",
      "attrs" : "{\n  \"lockAspectRatio\" : false,\n  \"shape\" : \"text\",\n  \"position\" : \"{96, 1366}\",\n  \"angle\" : 0,\n  \"size\" : \"{578, 34}\",\n  \"identifier\" : \"3E21C529-5608-4501-8409-831B2FB253E7\",\n  \"tag\" : 0,\n  \"connectable\" : true,\n  \"isLocked\" : false,\n  \"visible\" : true,\n  \"isTemplate\" : false,\n  \"themeStyle\" : \"style_11\",\n  \"privateStyle\" : {\n    \"textColor\" : \"#000000FF\",\n    \"textAlignment\" : 0,\n    \"textVerticalAlignment\" : 1,\n    \"font\" : \"Helvetica,10.0\"\n  },\n  \"value\" : \"3NF (STUDENT_ID, COURSE_ID, GRADE)\",\n  \"isRelative\" : false\n}"
    },
    {
      "class" : "dia-node",
      "attrs" : "{\n  \"lockAspectRatio\" : false,\n  \"shape\" : \"text\",\n  \"position\" : \"{90.000000000000057, 1170}\",\n  \"angle\" : 0,\n  \"size\" : \"{578, 36}\",\n  \"identifier\" : \"9B5BD079-2FDF-4C72-A8C0-6B662D0308CA\",\n  \"tag\" : 0,\n  \"connectable\" : true,\n  \"isLocked\" : false,\n  \"visible\" : true,\n  \"isTemplate\" : false,\n  \"themeStyle\" : \"style_11\",\n  \"privateStyle\" : {\n    \"textColor\" : \"#000000FF\",\n    \"textAlignment\" : 0,\n    \"textVerticalAlignment\" : 1,\n    \"font\" : \"Helvetica,10.0\"\n  },\n  \"value\" : \"Table name: INSTRUCTOR\",\n  \"isRelative\" : false\n}"
    },
    {
      "class" : "dia-node",
      "attrs" : "{\n  \"lockAspectRatio\" : false,\n  \"shape\" : \"text\",\n  \"position\" : \"{90, 1240}\",\n  \"angle\" : 0,\n  \"size\" : \"{578, 34}\",\n  \"identifier\" : \"9F4A729B-4D5B-4951-8D14-E539F2CC8906\",\n  \"tag\" : 0,\n  \"connectable\" : true,\n  \"isLocked\" : false,\n  \"visible\" : true,\n  \"isTemplate\" : false,\n  \"themeStyle\" : \"style_11\",\n  \"privateStyle\" : {\n    \"textColor\" : \"#000000FF\",\n    \"textAlignment\" : 0,\n    \"textVerticalAlignment\" : 1,\n    \"font\" : \"Helvetica,10.0\"\n  },\n  \"value\" : \"3NF (INSTRUCTOR_ID, INSTRUCTOR_NAME, INSTRUCTOR_LOCATION)\",\n  \"isRelative\" : false\n}"
    },
    {
      "class" : "connector",
      "attrs" : "{\n  \"isRelative\" : false,\n  \"points\" : [\n    {\n      \"point\" : \"{412.38728246298143, 224.88146597089204}\",\n      \"axis\" : 2\n    }\n  ],\n  \"shape\" : \"connector\",\n  \"targetPoint\" : \"{412.5, 250}\",\n  \"value\" : {\n    \"labels\" : [\n\n    ]\n  },\n  \"identifier\" : \"AB9890A9-2C07-4B8E-B544-82822E2CADD2\",\n  \"tag\" : 0,\n  \"isLocked\" : false,\n  \"visible\" : true,\n  \"themeStyle\" : \"edge_11\",\n  \"isTemplate\" : false,\n  \"privateStyle\" : {\n    \"connectorMode\" : 2,\n    \"crossStyle\" : \"round\"\n  },\n  \"exitPoint\" : {\n    \"offset\" : \"{0, 0}\",\n    \"direction\" : 0,\n    \"location\" : \"{0, -0.5}\"\n  },\n  \"sourcePoint\" : \"{412.27456492596286, 199.76293194178407}\",\n  \"entryPoint\" : {\n    \"offset\" : \"{0, 0}\",\n    \"direction\" : 0,\n    \"location\" : \"{0, 0}\"\n  }\n}"
    },
    {
      "class" : "connector",
      "attrs" : "{\n  \"isRelative\" : false,\n  \"points\" : [\n\n  ],\n  \"shape\" : \"connector\",\n  \"targetPoint\" : \"{466.93896509847889, 248.83768918758557}\",\n  \"value\" : {\n    \"labels\" : [\n\n    ]\n  },\n  \"identifier\" : \"BF755C50-8A57-4104-95FD-2639210E471A\",\n  \"tag\" : 0,\n  \"isLocked\" : false,\n  \"visible\" : true,\n  \"themeStyle\" : \"edge_11\",\n  \"isTemplate\" : false,\n  \"privateStyle\" : {\n    \"connectorMode\" : 2,\n    \"crossStyle\" : \"round\"\n  },\n  \"exitPoint\" : {\n    \"offset\" : \"{0, 0}\",\n    \"direction\" : 0,\n    \"location\" : \"{-0.18307099884142483, -0.55811554062072166}\"\n  },\n  \"sourcePoint\" : \"{467.45049434796488, 199.90010895856358}\",\n  \"entryPoint\" : {\n    \"offset\" : \"{0, 0}\",\n    \"direction\" : 0,\n    \"location\" : \"{0, 0}\"\n  }\n}"
    },
    {
      "class" : "connector",
      "attrs" : "{\n  \"isRelative\" : false,\n  \"points\" : [\n    {\n      \"point\" : \"{255.07895858163312, 236.88204465776303}\",\n      \"axis\" : 2\n    },\n    {\n      \"point\" : \"{215.32895858163312, 223.76408931552606}\",\n      \"axis\" : 1\n    },\n    {\n      \"point\" : \"{175.57895858163312, 236.88204465776303}\",\n      \"axis\" : 2\n    }\n  ],\n  \"shape\" : \"connector\",\n  \"targetPoint\" : \"{175.57895858163312, 250}\",\n  \"value\" : {\n    \"labels\" : [\n\n    ]\n  },\n  \"identifier\" : \"27EF6216-1FFF-4F7D-9EAF-63FA19B19B96\",\n  \"tag\" : 0,\n  \"isLocked\" : false,\n  \"visible\" : true,\n  \"themeStyle\" : \"edge_11\",\n  \"isTemplate\" : false,\n  \"privateStyle\" : {\n    \"crossStyle\" : \"round\",\n    \"connectorMode\" : 2,\n    \"pathStyle\" : \"square\"\n  },\n  \"exitPoint\" : {\n    \"offset\" : \"{0, 0}\",\n    \"direction\" : 0,\n    \"location\" : \"{0, 0}\"\n  },\n  \"sourcePoint\" : \"{255.07895858163312, 250}\",\n  \"entryPoint\" : {\n    \"offset\" : \"{0, 0}\",\n    \"direction\" : 0,\n    \"location\" : \"{0, 0}\"\n  }\n}"
    },
    {
      "class" : "connector",
      "attrs" : "{\n  \"isRelative\" : false,\n  \"points\" : [\n\n  ],\n  \"shape\" : \"connector\",\n  \"targetPoint\" : \"{175.5, 250}\",\n  \"value\" : {\n    \"labels\" : [\n\n    ]\n  },\n  \"identifier\" : \"6537046E-2429-4092-823F-A6EFA9BDE1DA\",\n  \"tag\" : 0,\n  \"isLocked\" : false,\n  \"visible\" : true,\n  \"themeStyle\" : \"edge_11\",\n  \"isTemplate\" : false,\n  \"privateStyle\" : {\n    \"connectorMode\" : 2,\n    \"crossStyle\" : \"round\"\n  },\n  \"exitPoint\" : {\n    \"offset\" : \"{0, 0}\",\n    \"direction\" : 0,\n    \"location\" : \"{0, -0.5}\"\n  },\n  \"sourcePoint\" : \"{176.45733081166168, 199.72053364731869}\",\n  \"entryPoint\" : {\n    \"offset\" : \"{0, 0}\",\n    \"direction\" : 0,\n    \"location\" : \"{0, 0}\"\n  }\n}"
    },
    {
      "class" : "connector",
      "attrs" : "{\n  \"isRelative\" : false,\n  \"points\" : [\n    {\n      \"point\" : \"{96, 236.81158930799799}\",\n      \"axis\" : 2\n    },\n    {\n      \"point\" : \"{135.75, 223.62317861599598}\",\n      \"axis\" : 1\n    },\n    {\n      \"point\" : \"{175.5, 236.81158930799799}\",\n      \"axis\" : 2\n    }\n  ],\n  \"shape\" : \"connector\",\n  \"targetPoint\" : \"{175.5, 250}\",\n  \"value\" : {\n    \"labels\" : [\n\n    ]\n  },\n  \"identifier\" : \"AFFCFC3C-40C0-4333-B30A-4FBCE3F015A5\",\n  \"tag\" : 0,\n  \"isLocked\" : false,\n  \"visible\" : true,\n  \"themeStyle\" : \"edge_11\",\n  \"isTemplate\" : false,\n  \"privateStyle\" : {\n    \"crossStyle\" : \"round\",\n    \"connectorMode\" : 2,\n    \"pathStyle\" : \"square\"\n  },\n  \"exitPoint\" : {\n    \"offset\" : \"{0, 0}\",\n    \"direction\" : 0,\n    \"location\" : \"{0, -0.5}\"\n  },\n  \"sourcePoint\" : \"{96, 250}\",\n  \"entryPoint\" : {\n    \"offset\" : \"{0, 0}\",\n    \"direction\" : 0,\n    \"location\" : \"{0, -0.5}\"\n  }\n}"
    },
    {
      "class" : "connector",
      "attrs" : "{\n  \"isRelative\" : false,\n  \"points\" : [\n\n  ],\n  \"shape\" : \"connector\",\n  \"targetPoint\" : \"{175.5, 270}\",\n  \"value\" : {\n    \"labels\" : [\n\n    ]\n  },\n  \"identifier\" : \"5863B167-B239-4A6E-9884-3F3E2411A408\",\n  \"tag\" : 0,\n  \"isLocked\" : false,\n  \"visible\" : true,\n  \"themeStyle\" : \"edge_11\",\n  \"isTemplate\" : false,\n  \"privateStyle\" : {\n    \"pathStyle\" : \"square\",\n    \"connectorMode\" : 2,\n    \"crossStyle\" : \"round\"\n  },\n  \"exitPoint\" : {\n    \"offset\" : \"{0, 0}\",\n    \"direction\" : 0,\n    \"location\" : \"{0, 0.5}\"\n  },\n  \"sourcePoint\" : \"{96, 270}\",\n  \"entryPoint\" : {\n    \"offset\" : \"{0, 0}\",\n    \"direction\" : 0,\n    \"location\" : \"{0, 0.5}\"\n  }\n}"
    },
    {
      "class" : "connector",
      "attrs" : "{\n  \"isRelative\" : false,\n  \"points\" : [\n    {\n      \"point\" : \"{255, 294.86561152849305}\",\n      \"axis\" : 2\n    },\n    {\n      \"point\" : \"{472.5, 319.7312230569861}\",\n      \"axis\" : 1\n    },\n    {\n      \"point\" : \"{690, 294.86561152849305}\",\n      \"axis\" : 2\n    }\n  ],\n  \"shape\" : \"connector\",\n  \"targetPoint\" : \"{690, 270}\",\n  \"value\" : {\n    \"labels\" : [\n\n    ]\n  },\n  \"identifier\" : \"74797D39-EB8D-4BD5-824F-C12452B83ACF\",\n  \"tag\" : 0,\n  \"isLocked\" : false,\n  \"visible\" : true,\n  \"themeStyle\" : \"edge_11\",\n  \"isTemplate\" : false,\n  \"privateStyle\" : {\n    \"crossStyle\" : \"none\",\n    \"connectorMode\" : 2,\n    \"pathStyle\" : \"square\"\n  },\n  \"exitPoint\" : {\n    \"offset\" : \"{0, 0}\",\n    \"direction\" : 0,\n    \"location\" : \"{0, 0.5}\"\n  },\n  \"sourcePoint\" : \"{255, 270}\",\n  \"entryPoint\" : {\n    \"offset\" : \"{0, 0}\",\n    \"direction\" : 0,\n    \"location\" : \"{0, 0}\"\n  }\n}"
    },
    {
      "class" : "connector",
      "attrs" : "{\n  \"isRelative\" : false,\n  \"points\" : [\n\n  ],\n  \"shape\" : \"connector\",\n  \"targetPoint\" : \"{337.5, 270}\",\n  \"value\" : {\n    \"labels\" : [\n\n    ]\n  },\n  \"identifier\" : \"CBB14C30-34BF-4073-8A23-1199E592FEB7\",\n  \"tag\" : 0,\n  \"isLocked\" : false,\n  \"visible\" : true,\n  \"themeStyle\" : \"edge_11\",\n  \"isTemplate\" : false,\n  \"privateStyle\" : {\n    \"connectorMode\" : 2,\n    \"crossStyle\" : \"round\"\n  },\n  \"exitPoint\" : {\n    \"offset\" : \"{0, 0}\",\n    \"direction\" : 0,\n    \"location\" : \"{0, 0.5}\"\n  },\n  \"sourcePoint\" : \"{337.67757762828705, 318.69485439849313}\",\n  \"entryPoint\" : {\n    \"offset\" : \"{0, 0}\",\n    \"direction\" : 0,\n    \"location\" : \"{0, 0}\"\n  }\n}"
    },
    {
      "class" : "connector",
      "attrs" : "{\n  \"isRelative\" : false,\n  \"points\" : [\n\n  ],\n  \"shape\" : \"connector\",\n  \"targetPoint\" : \"{482.5, 270}\",\n  \"value\" : {\n    \"labels\" : [\n\n    ]\n  },\n  \"identifier\" : \"73F9265B-336F-4397-A945-E2CF94E9190B\",\n  \"tag\" : 0,\n  \"isLocked\" : false,\n  \"visible\" : true,\n  \"themeStyle\" : \"edge_11\",\n  \"isTemplate\" : false,\n  \"privateStyle\" : {\n    \"connectorMode\" : 2,\n    \"crossStyle\" : \"round\"\n  },\n  \"exitPoint\" : {\n    \"offset\" : \"{0, 0}\",\n    \"direction\" : 0,\n    \"location\" : \"{0, 0.5}\"\n  },\n  \"sourcePoint\" : \"{483.27428882438721, 319.1462783131858}\",\n  \"entryPoint\" : {\n    \"offset\" : \"{0, 0}\",\n    \"direction\" : 0,\n    \"location\" : \"{0, 0}\"\n  }\n}"
    },
    {
      "class" : "connector",
      "attrs" : "{\n  \"isRelative\" : false,\n  \"points\" : [\n\n  ],\n  \"shape\" : \"connector\",\n  \"targetPoint\" : \"{577.5, 270}\",\n  \"value\" : {\n    \"labels\" : [\n\n    ]\n  },\n  \"identifier\" : \"8C626BFF-A887-4681-8068-5C6F84DA7CE7\",\n  \"tag\" : 0,\n  \"isLocked\" : false,\n  \"visible\" : true,\n  \"themeStyle\" : \"edge_11\",\n  \"isTemplate\" : false,\n  \"privateStyle\" : {\n    \"connectorMode\" : 2,\n    \"crossStyle\" : \"round\"\n  },\n  \"exitPoint\" : {\n    \"offset\" : \"{0, 0}\",\n    \"direction\" : 0,\n    \"location\" : \"{0, 0.5}\"\n  },\n  \"sourcePoint\" : \"{576.8866688930359, 319.61975877094159}\",\n  \"entryPoint\" : {\n    \"offset\" : \"{0, 0}\",\n    \"direction\" : 0,\n    \"location\" : \"{0, 0}\"\n  }\n}"
    },
    {
      "class" : "connector",
      "attrs" : "{\n  \"isRelative\" : false,\n  \"points\" : [\n    {\n      \"point\" : \"{504.39516965133498, 280.67679415011696}\",\n      \"axis\" : 2\n    },\n    {\n      \"point\" : \"{611.7653776425891, 290.44121774182213}\",\n      \"axis\" : 1\n    },\n    {\n      \"point\" : \"{719.13558563384322, 281.54082236694148}\",\n      \"axis\" : 2\n    }\n  ],\n  \"shape\" : \"connector\",\n  \"targetPoint\" : \"{719.13558563384322, 272.64042699206084}\",\n  \"value\" : {\n    \"labels\" : [\n\n    ]\n  },\n  \"identifier\" : \"DBEDC730-2355-4CCB-9060-7299C30DA354\",\n  \"tag\" : 0,\n  \"isLocked\" : false,\n  \"visible\" : true,\n  \"themeStyle\" : \"edge_11\",\n  \"isTemplate\" : false,\n  \"privateStyle\" : {\n    \"strokeColor\" : \"#008F00FF\",\n    \"crossStyle\" : \"none\",\n    \"pathStyle\" : \"square\",\n    \"connectorMode\" : 2\n  },\n  \"exitPoint\" : {\n    \"offset\" : \"{0, 0}\",\n    \"direction\" : 0,\n    \"location\" : \"{0, 0}\"\n  },\n  \"sourcePoint\" : \"{504.39516965133498, 270.91237055841179}\",\n  \"entryPoint\" : {\n    \"offset\" : \"{0, 0}\",\n    \"direction\" : 0,\n    \"location\" : \"{0.25759023119217628, 0.54561852792058974}\"\n  }\n}"
    },
    {
      "class" : "connector",
      "attrs" : "{\n  \"isRelative\" : false,\n  \"points\" : [\n\n  ],\n  \"shape\" : \"connector\",\n  \"targetPoint\" : \"{597.63557588734659, 270.86034791708471}\",\n  \"value\" : {\n    \"labels\" : [\n\n    ]\n  },\n  \"identifier\" : \"C9C1D8AE-FC45-4B57-BDBD-3693F470BCDD\",\n  \"tag\" : 0,\n  \"isLocked\" : false,\n  \"visible\" : true,\n  \"themeStyle\" : \"edge_11\",\n  \"isTemplate\" : false,\n  \"privateStyle\" : {\n    \"crossStyle\" : \"round\",\n    \"connectorMode\" : 2,\n    \"strokeColor\" : \"#008F00FF\"\n  },\n  \"exitPoint\" : {\n    \"offset\" : \"{0, 0}\",\n    \"direction\" : 0,\n    \"location\" : \"{0.19176738940330085, 0.54301739585423547}\"\n  },\n  \"sourcePoint\" : \"{598.37972584372164, 290.55204858638865}\",\n  \"entryPoint\" : {\n    \"offset\" : \"{0, 0}\",\n    \"direction\" : 0,\n    \"location\" : \"{0, 0}\"\n  }\n}"
    },
    {
      "class" : "dia-node",
      "attrs" : "{\n  \"lockAspectRatio\" : false,\n  \"shape\" : \"text\",\n  \"position\" : \"{92, 132}\",\n  \"angle\" : 0,\n  \"size\" : \"{578, 36}\",\n  \"identifier\" : \"56686522-69B2-4F1B-BB4F-A84BACD957EC\",\n  \"tag\" : 0,\n  \"connectable\" : true,\n  \"isLocked\" : false,\n  \"visible\" : true,\n  \"isTemplate\" : false,\n  \"themeStyle\" : \"style_11\",\n  \"privateStyle\" : {\n    \"textColor\" : \"#000000FF\",\n    \"textAlignment\" : 0,\n    \"textVerticalAlignment\" : 1,\n    \"font\" : \"Helvetica,10.0\"\n  },\n  \"value\" : \"Table name: STUDENT_RECORDS\",\n  \"isRelative\" : false\n}"
    },
    {
      "class" : "connector",
      "attrs" : "{\n  \"isRelative\" : false,\n  \"points\" : [\n    {\n      \"point\" : \"{96, 634.60847739341784}\",\n      \"axis\" : 2\n    },\n    {\n      \"point\" : \"{278, 618.94836474484509}\",\n      \"axis\" : 1\n    },\n    {\n      \"point\" : \"{460, 634.60847739341784}\",\n      \"axis\" : 2\n    }\n  ],\n  \"shape\" : \"connector\",\n  \"targetPoint\" : \"{460, 650.26859004199059}\",\n  \"value\" : {\n    \"labels\" : [\n\n    ]\n  },\n  \"identifier\" : \"678CCFAD-C47D-4448-8F13-A6D02C5F1121\",\n  \"tag\" : 0,\n  \"isLocked\" : false,\n  \"visible\" : true,\n  \"themeStyle\" : \"edge_11\",\n  \"isTemplate\" : false,\n  \"privateStyle\" : {\n    \"crossStyle\" : \"round\",\n    \"connectorMode\" : 2,\n    \"pathStyle\" : \"square\"\n  },\n  \"exitPoint\" : {\n    \"offset\" : \"{0, 0}\",\n    \"direction\" : 0,\n    \"location\" : \"{0, -0.5}\"\n  },\n  \"sourcePoint\" : \"{96, 650.26859004199059}\",\n  \"entryPoint\" : {\n    \"offset\" : \"{0, 0}\",\n    \"direction\" : 0,\n    \"location\" : \"{0, -0.5}\"\n  }\n}"
    },
    {
      "class" : "connector",
      "attrs" : "{\n  \"isRelative\" : false,\n  \"points\" : [\n\n  ],\n  \"shape\" : \"connector\",\n  \"targetPoint\" : \"{173, 650.26859004199059}\",\n  \"value\" : {\n    \"labels\" : [\n\n    ]\n  },\n  \"identifier\" : \"F299599D-40DF-432C-9740-21E14A74F69F\",\n  \"tag\" : 0,\n  \"isLocked\" : false,\n  \"visible\" : true,\n  \"themeStyle\" : \"edge_11\",\n  \"isTemplate\" : false,\n  \"privateStyle\" : {\n    \"connectorMode\" : 2,\n    \"crossStyle\" : \"round\"\n  },\n  \"exitPoint\" : {\n    \"offset\" : \"{0, 0}\",\n    \"direction\" : 0,\n    \"location\" : \"{0, -0.5}\"\n  },\n  \"sourcePoint\" : \"{172.26000887923135, 620.01595981903665}\",\n  \"entryPoint\" : {\n    \"offset\" : \"{0, 0}\",\n    \"direction\" : 0,\n    \"location\" : \"{0, 0}\"\n  }\n}"
    },
    {
      "class" : "connector",
      "attrs" : "{\n  \"isRelative\" : false,\n  \"points\" : [\n\n  ],\n  \"shape\" : \"connector\",\n  \"targetPoint\" : \"{257.5, 650.26859004199059}\",\n  \"value\" : {\n    \"labels\" : [\n\n    ]\n  },\n  \"identifier\" : \"56E172D0-E4F9-4E08-80E0-BAFA7EE1847B\",\n  \"tag\" : 0,\n  \"isLocked\" : false,\n  \"visible\" : true,\n  \"themeStyle\" : \"edge_11\",\n  \"isTemplate\" : false,\n  \"privateStyle\" : {\n    \"connectorMode\" : 2,\n    \"crossStyle\" : \"round\"\n  },\n  \"exitPoint\" : {\n    \"offset\" : \"{0, 0}\",\n    \"direction\" : 0,\n    \"location\" : \"{0, -0.5}\"\n  },\n  \"sourcePoint\" : \"{257.1202461536335, 619.25371503089571}\",\n  \"entryPoint\" : {\n    \"offset\" : \"{0, 0}\",\n    \"direction\" : 0,\n    \"location\" : \"{0, 0}\"\n  }\n}"
    },
    {
      "class" : "connector",
      "attrs" : "{\n  \"isRelative\" : false,\n  \"points\" : [\n\n  ],\n  \"shape\" : \"connector\",\n  \"targetPoint\" : \"{350, 650.26859004199059}\",\n  \"value\" : {\n    \"labels\" : [\n\n    ]\n  },\n  \"identifier\" : \"F1AB1754-BE58-4C43-A9A3-1EEF4777F281\",\n  \"tag\" : 0,\n  \"isLocked\" : false,\n  \"visible\" : true,\n  \"themeStyle\" : \"edge_11\",\n  \"isTemplate\" : false,\n  \"privateStyle\" : {\n    \"connectorMode\" : 2,\n    \"crossStyle\" : \"round\"\n  },\n  \"exitPoint\" : {\n    \"offset\" : \"{0, 0}\",\n    \"direction\" : 0,\n    \"location\" : \"{0, -0.5}\"\n  },\n  \"sourcePoint\" : \"{350.45565025641645, 619.12026564662165}\",\n  \"entryPoint\" : {\n    \"offset\" : \"{0, 0}\",\n    \"direction\" : 0,\n    \"location\" : \"{0, 0}\"\n  }\n}"
    },
    {
      "class" : "connector",
      "attrs" : "{\n  \"isRelative\" : false,\n  \"points\" : [\n    {\n      \"point\" : \"{257.5, 678.38134995759265}\",\n      \"axis\" : 2\n    },\n    {\n      \"point\" : \"{358.75, 686.49410987319459}\",\n      \"axis\" : 1\n    },\n    {\n      \"point\" : \"{460, 678.38134995759265}\",\n      \"axis\" : 2\n    }\n  ],\n  \"shape\" : \"connector\",\n  \"targetPoint\" : \"{460, 670.26859004199059}\",\n  \"value\" : {\n    \"labels\" : [\n\n    ]\n  },\n  \"identifier\" : \"41C791FF-C6B0-4837-8F57-F615DA207736\",\n  \"tag\" : 0,\n  \"isLocked\" : false,\n  \"visible\" : true,\n  \"themeStyle\" : \"edge_11\",\n  \"isTemplate\" : false,\n  \"privateStyle\" : {\n    \"strokeColor\" : \"#008F00FF\",\n    \"crossStyle\" : \"round\",\n    \"pathStyle\" : \"square\",\n    \"connectorMode\" : 2\n  },\n  \"exitPoint\" : {\n    \"offset\" : \"{0, 0}\",\n    \"direction\" : 0,\n    \"location\" : \"{0, 0.5}\"\n  },\n  \"sourcePoint\" : \"{257.5, 670.26859004199059}\",\n  \"entryPoint\" : {\n    \"offset\" : \"{0, 0}\",\n    \"direction\" : 0,\n    \"location\" : \"{0, 0.5}\"\n  }\n}"
    },
    {
      "class" : "connector",
      "attrs" : "{\n  \"isRelative\" : false,\n  \"points\" : [\n\n  ],\n  \"shape\" : \"connector\",\n  \"targetPoint\" : \"{350, 670.26859004199059}\",\n  \"value\" : {\n    \"labels\" : [\n\n    ]\n  },\n  \"identifier\" : \"BB41754E-7A32-4E8C-8E51-61E0BCE88AAF\",\n  \"tag\" : 0,\n  \"isLocked\" : false,\n  \"visible\" : true,\n  \"themeStyle\" : \"edge_11\",\n  \"isTemplate\" : false,\n  \"privateStyle\" : {\n    \"crossStyle\" : \"round\",\n    \"strokeColor\" : \"#008F00FF\",\n    \"connectorMode\" : 2\n  },\n  \"exitPoint\" : {\n    \"offset\" : \"{0, 0}\",\n    \"direction\" : 0,\n    \"location\" : \"{0, 0.5}\"\n  },\n  \"sourcePoint\" : \"{350.83111801556004, 686.22494925067576}\",\n  \"entryPoint\" : {\n    \"offset\" : \"{0, 0}\",\n    \"direction\" : 0,\n    \"location\" : \"{0, 0}\"\n  }\n}"
    },
    {
      "class" : "dia-node",
      "attrs" : "{\n  \"lockAspectRatio\" : false,\n  \"shape\" : \"text\",\n  \"position\" : \"{590, 290}\",\n  \"angle\" : 0,\n  \"size\" : \"{120, 36}\",\n  \"identifier\" : \"58DE288D-693A-4B1D-A0E3-F0EAC3FED1CA\",\n  \"tag\" : 0,\n  \"connectable\" : true,\n  \"isLocked\" : false,\n  \"visible\" : true,\n  \"isTemplate\" : false,\n  \"themeStyle\" : \"style_11\",\n  \"privateStyle\" : {\n    \"textColor\" : \"#008F00FF\",\n    \"textAlignment\" : 0,\n    \"textVerticalAlignment\" : 1,\n    \"font\" : \"Helvetica,9.0\"\n  },\n  \"value\" : \"transitive dependencies\",\n  \"isRelative\" : false\n}"
    },
    {
      "class" : "dia-node",
      "attrs" : "{\n  \"lockAspectRatio\" : false,\n  \"shape\" : \"rect\",\n  \"position\" : \"{265.09803921568624, 1116.2825064561137}\",\n  \"angle\" : 0,\n  \"size\" : \"{93.333333333333329, 23.717493543886349}\",\n  \"identifier\" : \"E3924A87-97A6-4F7E-AFCD-ECFF8BBEC13F\",\n  \"tag\" : 0,\n  \"connectable\" : true,\n  \"isLocked\" : false,\n  \"visible\" : true,\n  \"isTemplate\" : false,\n  \"themeStyle\" : \"variant_4\",\n  \"privateStyle\" : {\n    \"textAlignment\" : 2,\n    \"font\" : \"Helvetica,9.0\"\n  },\n  \"value\" : \"INSTRUCTOR_ID\",\n  \"isRelative\" : false\n}"
    },
    {
      "class" : "dia-node",
      "attrs" : "{\n  \"lockAspectRatio\" : false,\n  \"shape\" : \"rect\",\n  \"position\" : \"{95.999999999999972, 1116.2825064561137}\",\n  \"angle\" : 0,\n  \"size\" : \"{76.862745098039213, 23.717493543886349}\",\n  \"identifier\" : \"E03159FC-519E-434A-912C-91330364317A\",\n  \"tag\" : 0,\n  \"connectable\" : true,\n  \"isLocked\" : false,\n  \"visible\" : true,\n  \"isTemplate\" : false,\n  \"themeStyle\" : \"variant_4\",\n  \"privateStyle\" : {\n    \"textAlignment\" : 2,\n    \"font\" : \"Helvetica,9.0\",\n    \"fillColor1\" : \"#FF9300FF\"\n  },\n  \"value\" : \"COURSE_ID\",\n  \"isRelative\" : false\n}"
    },
    {
      "class" : "connector",
      "attrs" : "{\n  \"isRelative\" : false,\n  \"points\" : [\n\n  ],\n  \"shape\" : \"connector\",\n  \"targetPoint\" : \"{218.98039215686271, 1116.2825064561137}\",\n  \"value\" : {\n    \"labels\" : [\n\n    ]\n  },\n  \"identifier\" : \"0686B5B6-75DB-4BE4-9B3D-85269D5AA821\",\n  \"tag\" : 0,\n  \"isLocked\" : false,\n  \"visible\" : true,\n  \"themeStyle\" : \"edge_11\",\n  \"isTemplate\" : false,\n  \"privateStyle\" : {\n    \"connectorMode\" : 2,\n    \"crossStyle\" : \"round\"\n  },\n  \"exitPoint\" : {\n    \"offset\" : \"{0, 0}\",\n    \"direction\" : 0,\n    \"location\" : \"{0, -0.5}\"\n  },\n  \"sourcePoint\" : \"{218.16785288699907, 1071.3308892893019}\",\n  \"entryPoint\" : {\n    \"offset\" : \"{0, 0}\",\n    \"direction\" : 0,\n    \"location\" : \"{0, 0}\"\n  }\n}"
    },
    {
      "class" : "dia-node",
      "attrs" : "{\n  \"lockAspectRatio\" : false,\n  \"shape\" : \"rect\",\n  \"position\" : \"{172.86274509803917, 1116.2825064561137}\",\n  \"angle\" : 0,\n  \"size\" : \"{92.235294117647044, 23.717493543886349}\",\n  \"identifier\" : \"49E76797-D96A-4A39-97F8-73935F6A31FD\",\n  \"tag\" : 0,\n  \"connectable\" : true,\n  \"isLocked\" : false,\n  \"visible\" : true,\n  \"isTemplate\" : false,\n  \"themeStyle\" : \"variant_4\",\n  \"privateStyle\" : {\n    \"font\" : \"Helvetica,9.0\",\n    \"textAlignment\" : 2\n  },\n  \"value\" : \"COURSE_NAME\",\n  \"isRelative\" : false\n}"
    },
    {
      "class" : "dia-node",
      "attrs" : "{\n  \"lockAspectRatio\" : false,\n  \"shape\" : \"text\",\n  \"position\" : \"{82, 1042}\",\n  \"angle\" : 0,\n  \"size\" : \"{578, 36}\",\n  \"identifier\" : \"31ACD658-0639-4B35-A012-671F157C8153\",\n  \"tag\" : 0,\n  \"connectable\" : true,\n  \"isLocked\" : false,\n  \"visible\" : true,\n  \"isTemplate\" : false,\n  \"themeStyle\" : \"style_11\",\n  \"privateStyle\" : {\n    \"textColor\" : \"#000000FF\",\n    \"textAlignment\" : 0,\n    \"textVerticalAlignment\" : 1,\n    \"font\" : \"Helvetica,10.0\"\n  },\n  \"value\" : \"Table name: COURSE\",\n  \"isRelative\" : false\n}"
    },
    {
      "class" : "connector",
      "attrs" : "{\n  \"isRelative\" : false,\n  \"points\" : [\n    {\n      \"point\" : \"{134.43137254901958, 1094.0552912466569}\",\n      \"axis\" : 2\n    },\n    {\n      \"point\" : \"{223.09803921568624, 1071.8280760371999}\",\n      \"axis\" : 1\n    },\n    {\n      \"point\" : \"{311.76470588235293, 1094.0552912466569}\",\n      \"axis\" : 2\n    }\n  ],\n  \"shape\" : \"connector\",\n  \"targetPoint\" : \"{311.76470588235293, 1116.2825064561137}\",\n  \"value\" : {\n    \"labels\" : [\n\n    ]\n  },\n  \"identifier\" : \"464740B2-6BFD-4D2C-94BA-571CF3B438ED\",\n  \"tag\" : 0,\n  \"isLocked\" : false,\n  \"visible\" : true,\n  \"themeStyle\" : \"edge_11\",\n  \"isTemplate\" : false,\n  \"privateStyle\" : {\n    \"pathStyle\" : \"square\",\n    \"connectorMode\" : 2,\n    \"crossStyle\" : \"none\"\n  },\n  \"exitPoint\" : {\n    \"offset\" : \"{0, 0}\",\n    \"direction\" : 0,\n    \"location\" : \"{0, -0.5}\"\n  },\n  \"sourcePoint\" : \"{134.43137254901958, 1116.2825064561137}\",\n  \"entryPoint\" : {\n    \"offset\" : \"{0, 0}\",\n    \"direction\" : 0,\n    \"location\" : \"{0, -0.5}\"\n  }\n}"
    },
    {
      "class" : "dia-node",
      "attrs" : "{\n  \"lockAspectRatio\" : false,\n  \"shape\" : \"rect\",\n  \"position\" : \"{95, 1220}\",\n  \"angle\" : 0,\n  \"size\" : \"{85, 20}\",\n  \"identifier\" : \"644A5677-96F6-42FE-8E0B-690933FC1F8E\",\n  \"tag\" : 0,\n  \"connectable\" : true,\n  \"isLocked\" : false,\n  \"visible\" : true,\n  \"isTemplate\" : false,\n  \"themeStyle\" : \"variant_4\",\n  \"privateStyle\" : {\n    \"font\" : \"Helvetica,9.0\",\n    \"fillColor1\" : \"#FF9300FF\",\n    \"textAlignment\" : 2\n  },\n  \"value\" : \"INSTRUCTOR_ID\",\n  \"isRelative\" : false\n}"
    },
    {
      "class" : "dia-node",
      "attrs" : "{\n  \"lockAspectRatio\" : false,\n  \"shape\" : \"rect\",\n  \"position\" : \"{180, 1220}\",\n  \"angle\" : 0,\n  \"size\" : \"{100, 20}\",\n  \"identifier\" : \"53B773E9-35DD-43B8-BF2E-E08E250216FF\",\n  \"tag\" : 0,\n  \"connectable\" : true,\n  \"isLocked\" : false,\n  \"visible\" : true,\n  \"isTemplate\" : false,\n  \"themeStyle\" : \"variant_4\",\n  \"privateStyle\" : {\n    \"textAlignment\" : 2,\n    \"font\" : \"Helvetica,9.0\"\n  },\n  \"value\" : \"INSTRUCTOR_NAME\",\n  \"isRelative\" : false\n}"
    },
    {
      "class" : "dia-node",
      "attrs" : "{\n  \"lockAspectRatio\" : false,\n  \"shape\" : \"rect\",\n  \"position\" : \"{280, 1220}\",\n  \"angle\" : 0,\n  \"size\" : \"{120, 20}\",\n  \"identifier\" : \"7DCFFAC7-99B5-480A-9F85-9E018CB427B8\",\n  \"tag\" : 0,\n  \"connectable\" : true,\n  \"isLocked\" : false,\n  \"visible\" : true,\n  \"isTemplate\" : false,\n  \"themeStyle\" : \"variant_4\",\n  \"privateStyle\" : {\n    \"textAlignment\" : 2,\n    \"font\" : \"Helvetica,9.0\"\n  },\n  \"value\" : \"INSTRUCTOR_LOCATION\",\n  \"isRelative\" : false\n}"
    },
    {
      "class" : "connector",
      "attrs" : "{\n  \"isRelative\" : false,\n  \"points\" : [\n\n  ],\n  \"shape\" : \"connector\",\n  \"targetPoint\" : \"{340, 1220}\",\n  \"value\" : {\n    \"labels\" : [\n\n    ]\n  },\n  \"identifier\" : \"F864E35D-A038-4E65-9AD2-B26F9C675C98\",\n  \"tag\" : 0,\n  \"isLocked\" : false,\n  \"visible\" : true,\n  \"themeStyle\" : \"edge_11\",\n  \"isTemplate\" : false,\n  \"privateStyle\" : {\n    \"pathStyle\" : \"square\",\n    \"connectorMode\" : 2,\n    \"crossStyle\" : \"none\"\n  },\n  \"exitPoint\" : {\n    \"offset\" : \"{0, 0}\",\n    \"direction\" : 0,\n    \"location\" : \"{0, -0.5}\"\n  },\n  \"sourcePoint\" : \"{137.5, 1220}\",\n  \"entryPoint\" : {\n    \"offset\" : \"{0, 0}\",\n    \"direction\" : 0,\n    \"location\" : \"{0, -0.5}\"\n  }\n}"
    },
    {
      "class" : "connector",
      "attrs" : "{\n  \"isRelative\" : false,\n  \"points\" : [\n\n  ],\n  \"shape\" : \"connector\",\n  \"targetPoint\" : \"{230, 1220}\",\n  \"value\" : {\n    \"labels\" : [\n\n    ]\n  },\n  \"identifier\" : \"431964C7-F172-429D-907E-49167154BBA9\",\n  \"tag\" : 0,\n  \"isLocked\" : false,\n  \"visible\" : true,\n  \"themeStyle\" : \"edge_11\",\n  \"isTemplate\" : false,\n  \"privateStyle\" : {\n    \"connectorMode\" : 2,\n    \"crossStyle\" : \"round\"\n  },\n  \"exitPoint\" : {\n    \"offset\" : \"{0, 0}\",\n    \"direction\" : 0,\n    \"location\" : \"{0, -0.5}\"\n  },\n  \"sourcePoint\" : \"{240.50501047987967, 1206.5841133218378}\",\n  \"entryPoint\" : {\n    \"offset\" : \"{0, 0}\",\n    \"direction\" : 0,\n    \"location\" : \"{-0.239610708512319, 0.51622537005104929}\"\n  }\n}"
    },
    {
      "class" : "dia-node",
      "attrs" : "{\n  \"lockAspectRatio\" : false,\n  \"shape\" : \"rect\",\n  \"position\" : \"{100, 1340}\",\n  \"angle\" : 0,\n  \"size\" : \"{70, 20}\",\n  \"identifier\" : \"5FB42C98-8FED-41B8-AB23-960D8AEC6AD6\",\n  \"tag\" : 0,\n  \"connectable\" : true,\n  \"isLocked\" : false,\n  \"visible\" : true,\n  \"isTemplate\" : false,\n  \"themeStyle\" : \"variant_4\",\n  \"privateStyle\" : {\n    \"textAlignment\" : 2,\n    \"fillColor1\" : \"#FF9300FF\",\n    \"font\" : \"Helvetica,9.0\",\n    \"strokeDash\" : 0\n  },\n  \"value\" : \"STUDENT_ID\",\n  \"isRelative\" : false\n}"
    },
    {
      "class" : "dia-node",
      "attrs" : "{\n  \"lockAspectRatio\" : false,\n  \"shape\" : \"rect\",\n  \"position\" : \"{170, 1340}\",\n  \"angle\" : 0,\n  \"size\" : \"{70, 20}\",\n  \"identifier\" : \"83B9841F-ADF7-4572-B229-36138185E837\",\n  \"tag\" : 0,\n  \"connectable\" : true,\n  \"isLocked\" : false,\n  \"visible\" : true,\n  \"isTemplate\" : false,\n  \"themeStyle\" : \"variant_4\",\n  \"privateStyle\" : {\n    \"font\" : \"Helvetica,9.0\",\n    \"fillColor1\" : \"#FF9300FF\",\n    \"textAlignment\" : 2\n  },\n  \"value\" : \"COURSE_ID\",\n  \"isRelative\" : false\n}"
    },
    {
      "class" : "dia-node",
      "attrs" : "{\n  \"lockAspectRatio\" : false,\n  \"shape\" : \"rect\",\n  \"position\" : \"{240, 1340}\",\n  \"angle\" : 0,\n  \"size\" : \"{80, 20}\",\n  \"identifier\" : \"EC1360E3-B119-4D68-9928-A7FAF370967B\",\n  \"tag\" : 0,\n  \"connectable\" : true,\n  \"isLocked\" : false,\n  \"visible\" : true,\n  \"isTemplate\" : false,\n  \"themeStyle\" : \"variant_4\",\n  \"privateStyle\" : {\n    \"textAlignment\" : 2,\n    \"font\" : \"Helvetica,9.0\"\n  },\n  \"value\" : \"GRADE\",\n  \"isRelative\" : false\n}"
    },
    {
      "class" : "connector",
      "attrs" : "{\n  \"isRelative\" : false,\n  \"points\" : [\n\n  ],\n  \"shape\" : \"connector\",\n  \"targetPoint\" : \"{280, 1340}\",\n  \"value\" : {\n    \"labels\" : [\n\n    ]\n  },\n  \"identifier\" : \"721BC226-15B6-4D18-A678-BC0A400A285A\",\n  \"tag\" : 0,\n  \"isLocked\" : false,\n  \"visible\" : true,\n  \"themeStyle\" : \"edge_11\",\n  \"isTemplate\" : false,\n  \"privateStyle\" : {\n    \"crossStyle\" : \"none\",\n    \"connectorMode\" : 2,\n    \"pathStyle\" : \"square\"\n  },\n  \"exitPoint\" : {\n    \"offset\" : \"{0, 0}\",\n    \"direction\" : 0,\n    \"location\" : \"{0, -0.5}\"\n  },\n  \"sourcePoint\" : \"{135, 1340}\",\n  \"entryPoint\" : {\n    \"offset\" : \"{0, 0}\",\n    \"direction\" : 0,\n    \"location\" : \"{0, -0.5}\"\n  }\n}"
    },
    {
      "class" : "connector",
      "attrs" : "{\n  \"isRelative\" : false,\n  \"points\" : [\n\n  ],\n  \"shape\" : \"connector\",\n  \"targetPoint\" : \"{205, 1340}\",\n  \"value\" : {\n    \"labels\" : [\n\n    ]\n  },\n  \"identifier\" : \"13136244-E171-4E47-89CB-5CCF8ED82587\",\n  \"tag\" : 0,\n  \"isLocked\" : false,\n  \"visible\" : true,\n  \"themeStyle\" : \"edge_11\",\n  \"isTemplate\" : false,\n  \"privateStyle\" : {\n    \"connectorMode\" : 2,\n    \"crossStyle\" : \"round\"\n  },\n  \"exitPoint\" : {\n    \"offset\" : \"{0, 0}\",\n    \"direction\" : 0,\n    \"location\" : \"{0, -0.5}\"\n  },\n  \"sourcePoint\" : \"{204.82618235001382, 1320.6252272571894}\",\n  \"entryPoint\" : {\n    \"offset\" : \"{0, 0}\",\n    \"direction\" : 0,\n    \"location\" : \"{0, 0}\"\n  }\n}"
    },
    {
      "class" : "dia-node",
      "attrs" : "{\n  \"lockAspectRatio\" : false,\n  \"shape\" : \"text\",\n  \"position\" : \"{96, 1500}\",\n  \"angle\" : 0,\n  \"size\" : \"{578, 34}\",\n  \"identifier\" : \"75050008-4007-41B1-937C-468C8A47D6C8\",\n  \"tag\" : 0,\n  \"connectable\" : true,\n  \"isLocked\" : false,\n  \"visible\" : true,\n  \"isTemplate\" : false,\n  \"themeStyle\" : \"style_11\",\n  \"privateStyle\" : {\n    \"textColor\" : \"#000000FF\",\n    \"textAlignment\" : 0,\n    \"textVerticalAlignment\" : 1,\n    \"font\" : \"Helvetica,10.0\"\n  },\n  \"value\" : \"3NF (STUDENT_ID, STUDENT_NAME)\",\n  \"isRelative\" : false\n}"
    },
    {
      "class" : "dia-node",
      "attrs" : "{\n  \"lockAspectRatio\" : false,\n  \"shape\" : \"rect\",\n  \"position\" : \"{166, 1470}\",\n  \"angle\" : 0,\n  \"size\" : \"{85, 20}\",\n  \"identifier\" : \"D42BCF5A-60F6-4672-85EA-2B0EE93CFD2A\",\n  \"tag\" : 0,\n  \"connectable\" : true,\n  \"isLocked\" : false,\n  \"visible\" : true,\n  \"isTemplate\" : false,\n  \"themeStyle\" : \"variant_4\",\n  \"privateStyle\" : {\n    \"textAlignment\" : 2,\n    \"font\" : \"Helvetica,9.0\"\n  },\n  \"value\" : \"STUDENT_NAME\",\n  \"isRelative\" : false\n}"
    },
    {
      "class" : "dia-node",
      "attrs" : "{\n  \"lockAspectRatio\" : false,\n  \"shape\" : \"rect\",\n  \"position\" : \"{96, 1470}\",\n  \"angle\" : 0,\n  \"size\" : \"{70, 20}\",\n  \"identifier\" : \"5D54E217-07E3-4483-927E-B462070D4A46\",\n  \"tag\" : 0,\n  \"connectable\" : true,\n  \"isLocked\" : false,\n  \"visible\" : true,\n  \"isTemplate\" : false,\n  \"themeStyle\" : \"variant_4\",\n  \"privateStyle\" : {\n    \"textAlignment\" : 2,\n    \"font\" : \"Helvetica,9.0\",\n    \"strokeDash\" : 0,\n    \"fillColor1\" : \"#FF9300FF\"\n  },\n  \"value\" : \"STUDENT_ID\",\n  \"isRelative\" : false\n}"
    },
    {
      "class" : "connector",
      "attrs" : "{\n  \"isRelative\" : false,\n  \"points\" : [\n\n  ],\n  \"shape\" : \"connector\",\n  \"targetPoint\" : \"{208.5, 1470}\",\n  \"value\" : {\n    \"labels\" : [\n\n    ]\n  },\n  \"identifier\" : \"7FCF141E-9F45-4EFC-982B-506C65092C5E\",\n  \"tag\" : 0,\n  \"isLocked\" : false,\n  \"visible\" : true,\n  \"themeStyle\" : \"edge_11\",\n  \"isTemplate\" : false,\n  \"privateStyle\" : {\n    \"pathStyle\" : \"square\",\n    \"connectorMode\" : 2,\n    \"crossStyle\" : \"round\"\n  },\n  \"exitPoint\" : {\n    \"offset\" : \"{0, 0}\",\n    \"direction\" : 0,\n    \"location\" : \"{0, -0.5}\"\n  },\n  \"sourcePoint\" : \"{131, 1470}\",\n  \"entryPoint\" : {\n    \"offset\" : \"{0, 0}\",\n    \"direction\" : 0,\n    \"location\" : \"{0, -0.5}\"\n  }\n}"
    }
  ],
  "frame" : [
    [
      0,
      0
    ],
    [
      827,
      2298
    ]
  ],
  "terminals" : {
    "464740B2-6BFD-4D2C-94BA-571CF3B438ED" : [
      "E03159FC-519E-434A-912C-91330364317A",
      "E3924A87-97A6-4F7E-AFCD-ECFF8BBEC13F"
    ],
    "0686B5B6-75DB-4BE4-9B3D-85269D5AA821" : [
      "null",
      "49E76797-D96A-4A39-97F8-73935F6A31FD"
    ],
    "431964C7-F172-429D-907E-49167154BBA9" : [
      "9B5BD079-2FDF-4C72-A8C0-6B662D0308CA",
      "53B773E9-35DD-43B8-BF2E-E08E250216FF"
    ],
    "DB521105-3427-4296-AA68-0149297D8E81" : [
      "null",
      "null"
    ],
    "7298AFC9-83E8-4A37-867A-C61911CB2364" : [
      "null",
      "91BEFD10-0DD9-44B6-816F-07EF27B0273D"
    ],
    "BB41754E-7A32-4E8C-8E51-61E0BCE88AAF" : [
      "null",
      "F0F68FE4-7444-4FAF-940F-A5F322C676A0"
    ],
    "678CCFAD-C47D-4448-8F13-A6D02C5F1121" : [
      "EB08019A-A5E6-4F6F-A9E1-8F1875740B7C",
      "0A7151E8-3C2A-40C3-AC69-825B29954F57"
    ],
    "721BC226-15B6-4D18-A678-BC0A400A285A" : [
      "5FB42C98-8FED-41B8-AB23-960D8AEC6AD6",
      "EC1360E3-B119-4D68-9928-A7FAF370967B"
    ],
    "13136244-E171-4E47-89CB-5CCF8ED82587" : [
      "null",
      "83B9841F-ADF7-4572-B229-36138185E837"
    ],
    "27EF6216-1FFF-4F7D-9EAF-63FA19B19B96" : [
      "null",
      "null"
    ],
    "F28176DA-FAE2-4D75-81C9-257DB56B9AE4" : [
      "54382E97-9472-477C-88E9-5D49617052C6",
      "null"
    ],
    "AFFCFC3C-40C0-4333-B30A-4FBCE3F015A5" : [
      "A6DB3AA0-9E0B-41EC-845C-0FBC377B403F",
      "A7310F1A-8F1A-4851-8020-135376E79869"
    ],
    "6537046E-2429-4092-823F-A6EFA9BDE1DA" : [
      "null",
      "A7310F1A-8F1A-4851-8020-135376E79869"
    ],
    "4F8028FB-9924-4D5E-98BC-A076780A97B9" : [
      "ED28BD38-9A2B-4A37-8F79-608A2D3D87D9",
      "60740035-2509-4F64-A61E-466BF8C10DCC"
    ],
    "F1AB1754-BE58-4C43-A9A3-1EEF4777F281" : [
      "null",
      "F0F68FE4-7444-4FAF-940F-A5F322C676A0"
    ],
    "CBB14C30-34BF-4073-8A23-1199E592FEB7" : [
      "null",
      "91BEFD10-0DD9-44B6-816F-07EF27B0273D"
    ],
    "56E172D0-E4F9-4E08-80E0-BAFA7EE1847B" : [
      "null",
      "C43607D6-78E8-490D-8D86-4C68D28B2195"
    ],
    "AB9890A9-2C07-4B8E-B544-82822E2CADD2" : [
      "null",
      "89620E2B-CF71-443E-9975-E77D912E39A5"
    ],
    "5863B167-B239-4A6E-9884-3F3E2411A408" : [
      "A6DB3AA0-9E0B-41EC-845C-0FBC377B403F",
      "A7310F1A-8F1A-4851-8020-135376E79869"
    ],
    "F864E35D-A038-4E65-9AD2-B26F9C675C98" : [
      "644A5677-96F6-42FE-8E0B-690933FC1F8E",
      "7DCFFAC7-99B5-480A-9F85-9E018CB427B8"
    ],
    "DBEDC730-2355-4CCB-9060-7299C30DA354" : [
      "8D382E06-C886-45A9-A725-0CF275A0EDE9",
      "null"
    ],
    "8C626BFF-A887-4681-8068-5C6F84DA7CE7" : [
      "null",
      "DDD6973E-B517-4CDF-8608-6234E3F81E9B"
    ],
    "D8BCA4CC-7F81-43F3-8CB3-CEEC14844D6E" : [
      "null",
      "DDD6973E-B517-4CDF-8608-6234E3F81E9B"
    ],
    "31F52FE2-7439-4407-A353-F09A3CC69785" : [
      "null",
      "null"
    ],
    "BF755C50-8A57-4104-95FD-2639210E471A" : [
      "null",
      "8D382E06-C886-45A9-A725-0CF275A0EDE9"
    ],
    "7FCF141E-9F45-4EFC-982B-506C65092C5E" : [
      "5D54E217-07E3-4483-927E-B462070D4A46",
      "D42BCF5A-60F6-4672-85EA-2B0EE93CFD2A"
    ],
    "BA3AEE5A-AB47-4899-99AF-9B40D8373904" : [
      "C7A13670-2652-47DE-BE9A-26A7E4289BE9",
      "null"
    ],
    "73F9265B-336F-4397-A945-E2CF94E9190B" : [
      "null",
      "8D382E06-C886-45A9-A725-0CF275A0EDE9"
    ],
    "C9C1D8AE-FC45-4B57-BDBD-3693F470BCDD" : [
      "null",
      "DDD6973E-B517-4CDF-8608-6234E3F81E9B"
    ],
    "41C791FF-C6B0-4837-8F57-F615DA207736" : [
      "C43607D6-78E8-490D-8D86-4C68D28B2195",
      "0A7151E8-3C2A-40C3-AC69-825B29954F57"
    ],
    "F299599D-40DF-432C-9740-21E14A74F69F" : [
      "null",
      "820AF064-98C3-4EED-8E14-4D3C94DA6C4D"
    ],
    "74797D39-EB8D-4BD5-824F-C12452B83ACF" : [
      "null",
      "728D0D9E-1339-401C-B7BA-BFAB474890B2"
    ],
    "383A7CD6-1F72-4F10-BF12-EA2ECF67620E" : [
      "null",
      "null"
    ],
    "8E6BCDE7-1868-4036-9035-75640FC316FD" : [
      "null",
      "728D0D9E-1339-401C-B7BA-BFAB474890B2"
    ]
  },
  "design" : {
    "connectorPathStyle" : "rounded",
    "themeName" : "office",
    "paper" : {
      "rightMargin" : 20,
      "bottomMargin" : 20,
      "topMargin" : 20,
      "name" : "a4",
      "leftMargin" : 20,
      "ori" : true
    },
    "autoFrame" : true,
    "showPageMarker" : true
  },
  "showsGrids" : true,
  "version" : "0.0.2"
}